,Year,State,Q1Income,Q1Foodaway,Q1Cereal,Q1Foodhome,Q2Income,Q2Foodaway,Q2Cereal,Q2Foodhome,Q3Income,Q3Foodaway,Q3Cereal,Q3Foodhome,Q4Income,Q4Foodaway,Q4Cereal,Q4Foodhome,Q5Income,Q5Foodaway,Q5Cereal,Q5Foodhome
0,2020,Alabama,-13.7,-16.76,0.27,26.27,2458.14,20.24,-0.09,24.39,7413.67,-21.45,4.12,30.77,6141.61,-68.95,3.6,24.66,44238.08,-71.18,6.16,122.76
1,2016,Alabama,2055.65,4.77,-3.64,-8.97,2153.12,18.17,-0.34,-32.11,1797.3,65.38,2.24,94.63,8801.31,-33.42,0.77,61.68,-26453.41,-61.23,-4.01,-25.21
2,2012,Alabama,-15.83,-21.2,-0.79,-18.87,563.59,-6.21,-0.5,-22.65,8488.23,20.12,-0.34,68.79,9683.51,-65.24,0.62,-102.42,-52970.18,-54.78,11.17,117.0
3,2008,Alabama,-2692.08,-32.18,1.96,42.37,8413.23,-47.07,0.28,-46.05,4766.88,-49.53,-2.61,-55.21,3923.22,-23.02,-1.39,-26.23,45839.61,18.76,9.6,112.59
4,2004,Alabama,29.18,-42.91,-2.27,-48.75,4737.37,-18.37,1.25,-6.66,-2063.04,-83.73,-0.08,-75.28,-4017.55,-51.44,-3.99,-47.67,-28059.3,-116.47,-9.9,28.15
5,2000,Alabama,2866.46,4.27,-1.41,15.76,-629.61,74.82,13.6,64.17,7760.85,27.21,1.88,-49.12,20148.11,9.32,-0.28,-36.64,,,,
6,2020,Alaska,-4342.71,11.29,-1.44,-16.57,3660.55,-30.42,-4.38,-75.21,-66.7,-2.98,4.43,-53.8,3409.3,51.82,9.85,106.05,-51566.24,-88.7,7.36,105.61
7,2016,Alaska,1124.62,12.52,0.95,-9.56,-2138.39,-51.2,0.48,-49.35,-8381.88,-61.74,-0.86,102.85,-785.79,4.22,2.59,-50.62,13213.68,48.9,-3.69,-0.03
8,2012,Alaska,-603.22,-9.98,2.99,25.7,7510.75,-47.06,-1.33,-54.69,1195.85,-19.03,-4.3,-112.98,20057.78,-17.7,6.8,94.63,5571.81,26.05,4.06,108.77
9,2008,Alaska,9293.03,31.48,11.86,109.8,7713.5,8.21,1.59,-1.94,-866.27,-19.86,-3.05,2.15,15587.73,15.53,5.51,106.35,71667.58,89.59,-0.72,-23.21
10,2004,Alaska,7631.45,12.25,-1.24,14.8,3425.96,-72.96,-9.52,-83.76,2260.41,-33.8,0.38,15.32,4284.97,2.95,-4.34,-90.98,32972.17,-44.43,8.57,-24.67
11,2000,Alaska,-456.82,-8.34,-4.04,-21.65,801.19,66.6,7.69,101.95,-3923.0,-5.97,2.61,130.3,14726.41,-51.19,-1.49,-113.7,26735.61,57.57,-8.05,27.86
12,2020,Arizona,2391.84,-14.88,-2.78,-45.64,3788.32,-3.09,-2.76,-14.73,1845.03,-5.76,-2.75,-44.3,7897.46,-65.65,-5.62,25.66,35837.52,-126.65,-5.72,-61.88
13,2016,Arizona,768.32,12.04,1.24,0.76,3119.54,40.3,-1.14,-0.1,7681.44,14.58,4.83,24.38,-1953.06,-25.94,2.9,32.54,7222.38,-12.11,4.72,20.98
14,2012,Arizona,2407.81,13.43,0.67,31.21,1447.48,10.46,1.99,47.95,6497.99,-9.73,4.5,-18.86,8778.2,-12.05,-2.21,-26.39,-25546.42,-80.01,8.76,124.01
15,2008,Arizona,-2621.52,-11.58,-2.03,-34.67,620.83,-16.63,5.85,32.6,3633.21,-22.78,1.83,9.6,14463.44,-20.7,2.45,60.47,85690.11,-64.75,0.15,-38.65
16,2004,Arizona,3828.58,9.81,0.86,28.4,3893.87,6.3,-0.35,9.61,3800.61,-6.21,-1.59,20.4,2647.43,3.27,-1.37,9.99,-15684.21,28.99,-0.28,-40.17
17,2000,Arizona,-2211.29,31.16,-1.34,-6.81,3253.46,23.54,-4.98,-9.16,925.34,-13.41,2.5,8.4,7675.97,-4.0,-0.2,47.4,46954.59,-81.9,-0.53,108.47
24,2020,California,-459.18,-11.99,0.24,-3.49,4112.52,-22.57,2.95,34.77,4269.53,-26.07,1.42,23.76,3122.05,-42.79,2.66,4.49,-36537.83,-41.52,-0.35,29.66
25,2016,California,671.57,6.8,-1.73,-14.71,-971.92,2.13,0.5,5.31,-682.17,-3.71,0.29,-10.36,4852.39,13.58,-0.47,8.48,16636.91,83.83,3.83,56.25
26,2012,California,1296.13,-1.98,-1.15,-0.12,3579.26,6.73,-0.48,5.1,2762.95,-1.55,-0.38,-3.58,10345.75,26.86,-0.37,13.29,-3075.58,-44.19,3.28,12.81
27,2008,California,2828.37,2.99,0.44,-1.88,4419.34,0.66,-1.13,-5.08,6425.73,-0.97,1.66,20.81,6582.18,1.73,0.76,-2.69,56922.32,13.96,0.31,0.09
28,2004,California,5262.19,0.23,0.25,8.57,653.71,3.35,1.05,42.48,6665.35,0.92,4.41,33.71,7846.88,-14.03,-0.62,1.21,-16581.55,-86.93,0.67,32.22
29,2000,California,-1283.9,20.06,-0.72,-1.62,2056.46,12.52,3.74,9.69,3124.31,26.32,-3.48,-19.38,6689.86,0.91,0.01,3.3,44192.5,53.36,0.53,58.49
30,2020,Colorado,1260.39,39.7,-0.15,20.07,9051.92,59.48,-2.37,3.14,1904.93,-0.22,-1.91,2.28,10757.38,-84.9,-2.73,16.86,-38044.81,-81.84,0.47,-53.77
31,2016,Colorado,-2734.47,12.39,4.4,6.16,4875.55,-111.55,2.63,-16.25,6017.68,-33.37,6.75,32.73,1240.81,54.38,-1.93,-28.02,-7116.12,-110.08,-1.41,14.4
32,2012,Colorado,2804.7,-22.01,-0.62,-31.19,3563.41,-2.44,3.49,41.53,11884.2,-9.52,-0.88,4.12,1992.56,10.83,3.71,-57.02,-205.69,112.96,1.34,-88.43
33,2008,Colorado,289.11,-7.56,-1.33,-32.87,1921.69,-70.41,-0.69,-79.55,11895.75,3.58,-1.74,-55.05,8068.69,-10.55,4.05,25.58,24994.1,-73.38,-0.52,13.18
34,2004,Colorado,8519.32,-29.86,-1.02,15.11,3075.12,3.84,-0.89,-6.58,9282.45,-0.66,-1.3,-1.76,10827.3,-18.92,4.07,59.68,-18147.24,16.33,-8.06,11.73
35,2000,Colorado,-2484.26,46.95,4.37,64.66,3205.47,41.77,-2.48,-35.05,3308.6,27.43,-1.55,30.01,5794.32,49.88,-1.23,16.31,9710.38,-33.84,4.34,-48.06
36,2020,Connecticut,-1043.44,-6.23,-1.74,-6.06,-3476.97,-41.17,-0.44,-26.95,1187.09,-21.28,0.56,-33.74,3687.19,-59.39,-1.9,-11.03,13731.53,-50.59,-8.52,-52.99
37,2016,Connecticut,7289.95,22.45,0.1,2.04,1472.82,72.97,-5.23,-9.69,6132.28,50.7,5.35,-7.89,8130.34,33.89,-7.73,-101.31,21280.02,183.02,-2.75,-32.19
38,2012,Connecticut,-4660.58,36.96,-0.59,19.43,-332.06,-55.74,-0.26,18.41,1312.85,-62.94,-0.25,-11.56,13202.12,-132.36,4.62,-52.97,-55984.97,-59.98,3.4,-5.72
39,2008,Connecticut,4027.43,-0.13,0.12,-14.49,9221.1,2.1,4.86,108.15,2312.88,-3.2,3.2,71.23,11684.02,21.09,-5.87,20.39,14431.19,2.19,-2.52,45.88
40,2004,Connecticut,4094.15,-5.36,-2.83,-33.69,4265.48,-336.91,-1.49,22.1,-5531.2,169.49,-0.7,24.85,16227.06,36.39,-6.67,-17.4,-54136.63,167.14,-3.04,179.41
41,2000,Connecticut,-145.16,-2.26,2.75,12.61,-693.92,-28.22,0.69,9.68,-4122.31,22.33,0.76,13.56,15848.77,34.68,1.72,101.15,79962.8,-195.68,-16.7,-141.82
42,2020,Delaware,,,,,23509.7,290.63,0.0,-2.4,,,,,43162.5,-442.04,-6.0,14.85,,,,
43,2016,Delaware,6740.05,81.27,0.5,10.57,,,,,,,,,,,,,-16940.47,302.93,11.94,174.25
44,2012,Delaware,-10539.09,-9.94,7.83,237.56,-7925.2,-99.38,5.18,131.59,,,,,14502.06,123.78,6.0,123.59,101283.8,20.41,-6.09,-93.54
45,2008,Delaware,-977.58,1.33,2.12,-13.15,6362.0,171.92,6.34,39.05,-177.63,-212.46,-23.5,-224.88,-7363.83,167.41,7.48,101.56,-74199.79,50.17,-8.66,-163.41
46,2004,Delaware,13896.03,-28.01,8.57,92.15,11676.0,60.43,1.48,-28.69,5128.2,-9.14,12.82,129.82,21238.13,47.4,-9.61,1.05,68000.0,238.12,-2.92,164.42
47,2000,Delaware,1431.87,19.07,-17.59,20.68,-139.33,32.84,9.94,206.71,4166.67,36.86,5.4,3.9,-936.0,0.57,3.93,17.84,,,,
48,2020,District of Columbia,4452.55,93.5,6.95,127.56,,,,,-30567.8,-252.91,-6.03,-218.66,8592.0,151.21,-13.56,-27.44,23586.85,-188.84,-1.68,-17.96
49,2016,District of Columbia,1777.16,-54.68,-4.4,-36.76,,,,,-21109.8,-123.79,5.08,22.81,,,,,,,,
50,2012,District of Columbia,300.57,9.14,0.66,50.48,7553.35,70.66,-8.68,88.19,,,,,,,,,34380.43,425.44,-1.29,-358.32
51,2008,District of Columbia,11548.94,17.0,1.93,1.41,2023.1,121.03,6.51,46.91,22135.8,-78.48,-2.05,-27.58,14296.33,179.52,6.27,74.6,,,,
52,2004,District of Columbia,-1382.09,0.7,-1.88,-33.99,4840.29,42.48,4.2,-5.31,-863.7,1.67,-11.37,-60.37,-17512.69,-15.47,-10.47,-85.69,29799.8,247.76,6.54,163.91
53,2000,District of Columbia,-23.31,29.24,7.67,60.07,,,,,,,,,,,,,,,,
54,2020,Florida,652.61,-16.35,0.93,2.27,2102.87,-20.26,-1.2,-3.48,3907.06,-12.43,-1.2,-1.88,13035.2,-15.96,5.31,76.42,19842.4,-48.83,3.6,1.42
55,2016,Florida,-3018.28,16.46,-0.73,2.48,-1600.25,-15.25,-0.91,0.88,-90.24,17.42,0.56,-10.73,4210.44,5.11,1.81,24.49,16457.72,52.06,0.28,9.2
56,2012,Florida,776.21,4.6,0.38,-12.9,4791.86,9.26,-1.92,1.21,2358.67,-1.68,-2.9,-23.77,15770.14,-12.0,2.65,-0.03,-6648.71,38.36,-1.9,44.3
57,2008,Florida,777.79,0.31,0.84,5.02,3919.68,-32.98,0.93,10.04,5871.63,-23.24,-1.15,-4.68,8037.45,2.36,-0.13,34.88,20187.75,35.48,-0.64,57.18
58,2004,Florida,6354.58,-8.0,0.94,-1.33,3501.9,-38.41,-0.67,2.08,4427.12,-2.98,-0.43,-6.52,15854.7,-20.1,0.6,11.97,17034.56,-38.12,-5.21,-21.8
59,2000,Florida,-1670.35,-7.09,1.08,-9.53,1072.67,0.53,2.94,41.41,3388.28,104.48,1.08,21.24,-1171.25,72.09,-4.99,-13.19,-10878.32,-21.6,1.72,44.35
60,2020,Georgia,4243.3,24.94,-3.3,34.3,1191.47,-17.72,-1.14,54.36,2847.83,-91.7,2.36,-21.96,-5964.5,-20.96,-2.63,31.86,15734.62,51.53,4.33,94.71
61,2016,Georgia,4880.95,20.24,0.82,10.03,2429.36,-29.47,0.37,-46.0,4594.32,-15.77,-0.92,-15.73,7584.12,27.47,-2.41,-3.81,-19046.72,-30.04,1.36,-27.11
62,2012,Georgia,-1653.85,-2.17,-0.36,-15.26,4896.22,17.42,-1.24,-25.1,3104.86,8.94,1.85,55.12,5012.66,-10.39,1.05,20.43,-18402.86,38.08,1.85,50.87
63,2008,Georgia,5034.99,14.34,-0.76,-4.33,2530.84,15.34,2.63,1.5,8545.4,2.04,0.04,-27.7,12738.8,8.48,1.32,-7.36,57165.27,31.52,-2.75,29.03
64,2004,Georgia,4850.17,-11.49,-1.05,-5.99,2136.74,15.57,-2.51,-26.15,2939.59,1.52,1.1,11.38,8552.82,-8.02,3.16,-22.69,-8783.23,-23.6,7.91,64.3
65,2000,Georgia,500.03,7.51,0.84,4.54,-457.64,46.17,2.54,20.72,8293.14,0.41,-0.65,10.23,9587.87,-13.1,-0.96,-67.23,11526.59,8.89,2.41,104.61
66,2020,Hawaii,-1093.99,-51.98,2.95,42.77,7069.82,-63.28,-2.65,-60.1,2409.13,-25.21,-6.31,-4.79,19942.74,-83.06,3.46,126.94,-119618.01,-142.81,1.05,1.58
67,2016,Hawaii,-1197.41,17.7,-2.57,-35.29,8037.15,64.53,-9.92,-93.79,4822.91,-1.09,3.25,-24.81,654.9,-56.98,7.28,132.93,-296.06,-71.74,-2.5,7.47
68,2012,Hawaii,2079.16,-3.84,5.6,117.02,3665.64,48.88,3.87,49.39,11988.93,-51.64,0.2,-14.8,3218.8,42.51,-0.77,7.22,11956.91,59.86,1.07,-0.56
69,2008,Hawaii,247.73,6.15,-2.83,-85.31,5504.52,-35.49,5.96,65.68,2499.81,-61.47,3.21,-0.57,10942.67,4.37,5.21,34.96,72032.96,-11.06,1.43,-43.51
70,2004,Hawaii,4065.22,152.78,-1.29,10.26,-11.57,-34.38,1.37,-47.27,6005.09,-20.67,0.63,0.62,10322.9,-31.7,-3.31,-135.2,21971.02,62.93,9.96,51.09
71,2000,Hawaii,-4622.55,-102.74,-0.94,-18.4,-1040.9,-28.87,-0.41,-27.64,1793.54,15.64,4.63,0.34,2376.25,-56.68,-5.14,-72.31,-17708.92,-114.75,-7.61,20.75
74,2012,Idaho,2274.49,-21.35,1.48,-12.51,6176.31,17.6,-6.38,-68.32,3027.43,-8.34,1.94,42.29,9541.79,2.34,3.86,-19.63,19607.21,43.45,2.04,64.0
75,2008,Idaho,-652.03,9.24,-1.48,7.19,1413.51,-30.8,-2.65,8.17,873.56,8.84,-2.8,-8.62,10857.61,-13.52,3.9,18.15,114522.81,52.03,-9.29,-125.2
76,2004,Idaho,8349.52,-60.85,-6.12,-85.52,1410.78,8.21,6.47,50.8,-716.92,-43.99,0.67,-31.76,5932.95,-38.83,-8.89,-113.37,10500.0,149.8,4.51,180.11
77,2000,Idaho,-995.14,37.46,4.89,53.25,-3271.94,24.14,7.72,140.34,-6701.6,-8.05,11.78,58.5,974.33,-33.09,6.42,-36.37,,,,
78,2020,Illinois,5958.17,-0.56,1.69,-0.08,2367.0,24.41,4.39,76.35,5777.49,-68.75,4.3,7.61,10349.17,20.75,6.0,63.35,-12430.23,-42.1,-6.37,-93.05
79,2016,Illinois,3235.54,17.84,-1.33,-7.86,-482.71,13.05,-1.13,-44.28,4653.79,32.3,-1.32,-16.45,6773.16,-3.28,-6.02,-62.39,-27160.13,-3.44,-3.56,17.63
80,2012,Illinois,1256.34,7.21,-1.5,-6.55,2922.87,11.27,-2.73,-26.54,4573.94,-14.13,-1.1,-7.53,11563.97,23.57,-0.53,-18.84,-19031.67,-21.16,2.6,8.23
81,2008,Illinois,1968.35,-8.43,0.81,27.13,3264.95,-30.03,-0.51,-3.42,5551.93,-50.06,-1.56,-27.31,10761.61,28.51,-0.9,-11.73,106297.14,17.64,-0.04,8.96
82,2004,Illinois,6023.33,4.2,0.09,22.96,3754.67,17.8,-0.82,6.35,7912.31,6.03,-2.28,-2.62,6854.75,-10.48,0.03,-10.42,-3495.62,-103.89,-3.03,-41.64
83,2000,Illinois,-209.0,-15.83,-0.35,-14.34,907.41,22.92,-1.86,-8.44,6232.13,28.69,-3.63,-20.32,6643.12,23.64,0.52,6.1,60792.47,137.6,-2.01,26.4
84,2020,Indiana,-4133.91,-12.25,0.19,-3.79,4620.79,-35.52,2.09,18.14,5217.84,-81.76,5.54,57.42,6015.1,-31.95,-0.1,86.43,-57970.23,-0.69,-4.1,120.87
85,2016,Indiana,4588.88,-29.42,-8.85,-43.98,14691.8,48.67,-5.63,0.43,1454.04,79.38,-5.47,8.46,12942.87,6.0,4.67,12.36,-7207.84,-53.29,-0.5,141.98
86,2012,Indiana,-957.54,8.1,-0.1,6.39,3322.22,-18.94,1.74,-5.66,7282.01,10.89,-1.83,-29.62,7443.6,60.46,9.11,42.76,94014.55,55.15,-0.98,51.38
87,2008,Indiana,-868.21,-9.39,-1.94,-8.31,5261.82,-8.26,0.18,-12.04,3266.0,28.37,-1.79,-34.77,21308.9,43.8,11.84,80.86,169266.16,-84.23,-0.4,95.42
88,2004,Indiana,8852.47,3.82,-0.55,-7.38,746.75,7.98,-4.12,-48.34,7335.46,11.41,-4.54,-22.83,12274.46,21.88,0.68,19.13,4042.37,-19.27,-50.15,-93.65
89,2000,Indiana,-4543.01,17.53,-4.52,-30.84,1055.72,20.99,-1.47,18.99,5909.44,83.8,-2.61,9.0,11338.07,95.81,-1.58,-21.96,-39963.74,208.57,6.41,-33.48
90,2020,Iowa,-11089.01,-11.96,-3.63,-237.53,11429.5,-123.99,1.18,-120.56,6362.17,4.19,1.09,46.66,,,,,-83019.87,-123.06,8.12,78.54
96,2020,Kansas,-5527.18,-22.11,-1.35,23.66,-567.11,4.9,-1.13,-56.42,332.32,-15.92,0.92,5.72,14790.82,-17.79,-0.63,21.4,-63704.18,97.29,8.26,39.76
97,2016,Kansas,-687.76,12.86,-7.02,-79.61,-547.06,6.0,3.14,21.9,3721.43,-48.67,-0.98,18.77,-24243.81,120.26,5.13,91.09,-65753.29,-130.84,5.81,69.19
98,2012,Kansas,3352.1,166.7,-4.42,-6.13,4775.46,-19.18,3.57,50.88,337.65,108.52,10.08,215.63,21984.99,-161.15,-8.1,-168.92,17227.69,42.49,-1.24,8.48
99,2008,Kansas,-792.58,-35.48,1.04,-5.78,376.71,-0.78,5.51,14.99,15056.96,3.98,-10.91,-14.22,22777.58,-48.28,1.26,9.92,138441.5,-21.89,7.18,28.62
100,2004,Kansas,6545.23,-12.13,0.93,-50.07,3737.39,131.21,-1.62,-89.93,6623.78,54.54,-0.41,71.04,19515.52,-127.82,4.12,4.72,77861.51,-125.17,7.77,-97.04
101,2000,Kansas,-2129.04,42.36,-3.69,-36.68,4654.6,63.07,1.76,-32.69,8244.11,-9.18,-4.37,-66.25,-2321.96,42.84,10.6,124.61,-13060.38,-11.93,-3.44,-97.94
102,2020,Kentucky,-414.98,10.72,2.39,-25.16,4844.51,-22.79,9.17,67.99,-4530.62,-39.07,-2.03,-42.05,8441.21,-30.37,-2.4,-23.24,-18809.92,-84.0,-12.78,-16.68
103,2016,Kentucky,-1795.25,-11.46,-0.77,-21.16,4703.48,46.57,-0.47,19.12,3098.45,-47.6,-1.2,-41.8,1871.49,-50.7,3.04,-28.84,-67179.61,52.49,15.01,99.58
104,2012,Kentucky,-560.3,5.84,0.88,-19.12,4054.4,2.97,-0.1,-28.58,6390.85,48.43,2.07,29.85,3991.99,-16.42,-3.72,-89.09,-94305.11,10.99,-4.58,-77.0
105,2008,Kentucky,1609.08,-19.22,-0.43,18.77,5763.99,-14.73,-2.55,-19.6,7818.65,13.67,4.3,71.19,20286.16,-3.45,-2.0,-0.94,65273.54,-45.11,-3.72,-36.25
106,2004,Kentucky,3051.83,30.7,-2.03,-22.94,7875.92,-32.75,-6.01,4.37,-388.36,-1.27,-0.72,-36.56,6376.57,38.61,-6.24,-66.0,,,,
107,2000,Kentucky,-948.83,-25.06,-0.7,8.17,508.8,52.14,5.89,12.32,5411.97,-59.58,-10.17,-66.45,15234.85,36.46,-5.61,-134.57,,,,
108,2020,Louisiana,-5291.78,-24.53,-0.89,17.84,3749.63,9.23,-1.23,31.51,1403.2,-512.96,-2.16,16.39,12680.67,14.96,-0.49,-58.63,-46682.74,59.9,10.79,164.15
109,2016,Louisiana,-2284.31,33.13,-0.27,-33.39,6595.52,19.94,2.03,47.88,-2720.32,5.91,2.86,40.87,-9324.59,23.62,-1.33,-14.5,94.48,-20.27,1.31,-6.78
110,2012,Louisiana,-1349.79,-12.49,0.12,-14.41,2283.41,22.0,-0.61,16.82,8401.38,30.9,-0.17,12.18,10048.01,-17.34,-0.98,-22.84,53869.19,-32.08,-8.76,-131.75
111,2008,Louisiana,774.86,-5.21,1.05,-13.36,3677.58,-0.02,-0.91,2.34,9855.57,-5.64,-1.24,14.23,13123.99,-51.15,2.37,-35.64,-30636.58,-50.47,-2.44,-14.12
112,2004,Louisiana,2603.11,-3.46,1.44,84.51,1114.07,12.11,4.55,132.56,4638.03,10.36,-2.06,2.62,3029.17,10.78,-6.76,-49.96,-28816.8,30.0,-8.47,-206.29
113,2000,Louisiana,-81.32,-51.44,-3.6,-83.9,1583.44,-27.8,-4.01,-9.28,4293.61,-18.87,2.02,9.15,10849.35,-3.74,-4.71,-72.71,-682.3,62.28,-3.58,-17.06
116,2012,Maine,-1871.82,-9.2,0.2,19.22,2748.64,-47.35,-3.17,-51.02,10316.21,-28.57,4.02,25.53,30424.38,27.86,-2.35,-145.69,-92581.8,37.91,25.86,139.94
117,2008,Maine,-421.53,-33.16,1.42,-3.93,1631.33,12.74,-1.95,13.12,-734.05,8.43,-4.99,8.45,7844.29,3.45,2.74,67.42,,,,
120,2020,Maryland,-541.08,-29.44,0.89,20.6,5573.29,-2.99,-1.88,86.8,-1341.1,-42.56,3.9,52.48,4581.58,-183.28,-3.24,-20.45,-14083.71,-98.28,3.46,-14.54
121,2016,Maryland,-6205.32,18.28,-5.91,-54.18,6122.8,-49.59,0.4,-9.71,8863.88,50.08,3.49,55.49,2296.0,-6.89,3.79,38.31,44773.43,-39.16,-8.86,-44.1
122,2012,Maryland,-3455.38,18.38,3.51,46.44,5577.48,-6.17,2.56,35.81,5888.23,31.37,4.08,6.77,13655.77,46.64,6.97,48.45,33961.31,-32.67,-3.48,-13.55
123,2008,Maryland,29.87,-9.49,1.97,38.28,1019.37,17.04,4.16,23.64,7197.55,-34.54,0.12,45.68,11387.11,56.25,3.0,93.94,46922.66,-21.08,-7.37,-70.24
124,2004,Maryland,4073.3,-15.72,-5.03,-40.34,3041.64,-13.68,6.08,-11.81,4784.43,7.74,2.04,17.94,-1895.25,-50.2,-2.34,-40.48,-51059.73,-179.79,-4.58,-49.46
125,2000,Maryland,-2638.15,13.82,2.36,26.33,2334.57,43.69,5.02,32.21,-888.33,60.5,-0.49,-19.28,10671.83,10.46,-5.41,-21.95,18203.18,65.94,5.19,-41.71
126,2020,Massachuse,2027.2,-19.01,0.47,9.55,8782.73,14.77,9.63,99.72,-2246.92,-40.84,-3.93,-38.22,12254.81,3.1,-0.84,-18.52,15275.42,-88.45,8.71,132.46
127,2016,Massachuse,-3727.74,-18.25,-1.09,-7.59,335.88,-14.1,-1.44,-66.32,9280.92,35.76,-5.38,-27.49,4894.35,-37.53,-1.43,-78.69,-7316.3,-25.57,-2.42,-41.8
128,2012,Massachuse,-74.39,-34.04,-3.56,-38.74,3289.83,-14.9,2.39,87.95,11088.04,-35.73,2.91,70.39,12004.87,68.94,4.37,44.95,-23540.87,-13.92,-5.47,-14.38
129,2008,Massachuse,3182.45,3.32,0.74,20.34,5327.18,-6.42,1.52,18.62,6526.67,-20.49,-1.59,5.23,14184.79,19.91,1.01,21.96,61493.55,-220.56,2.28,58.58
130,2004,Massachuse,6209.55,-11.68,-1.68,-25.33,-881.75,-8.49,1.87,16.83,4692.77,25.81,-1.01,-28.83,11425.9,54.38,5.05,-10.82,16283.38,-61.77,-7.75,-1.98
131,2000,Massachuse,-1242.1,20.09,1.09,19.04,1046.09,0.48,4.8,63.55,-3094.26,351.65,-0.18,-4.74,746.46,-4.02,-3.65,-80.82,69026.28,-29.83,4.05,130.97
132,2020,Michigan,-329.51,-18.12,-1.46,-19.04,2833.01,-30.49,-0.03,-5.54,5462.41,-20.39,-2.01,-13.73,8257.84,-73.72,-2.48,-40.01,-1494.78,31.67,3.8,169.72
133,2016,Michigan,121.58,6.12,-0.98,-20.53,2705.25,29.2,-0.21,8.41,337.66,40.38,-1.14,-19.78,-2729.23,15.85,-0.35,-45.63,-81.15,93.76,1.6,-16.67
134,2012,Michigan,4572.77,-1.69,1.22,24.38,4005.88,11.55,0.21,-30.52,2745.7,1.73,-2.93,-24.7,5553.86,7.37,1.32,14.4,29344.19,17.48,-0.47,-30.36
135,2008,Michigan,1497.21,24.49,2.21,38.65,3274.1,-16.35,0.64,-15.93,5042.7,0.08,1.59,22.82,7809.72,17.02,0.14,-34.35,-5462.98,65.8,1.23,-19.33
136,2004,Michigan,6216.89,-18.4,-0.72,-4.07,3732.26,19.52,-0.3,28.4,6624.33,-0.13,-1.21,59.5,7019.73,4.18,-6.17,-9.19,27722.03,-165.03,-15.09,-58.65
137,2000,Michigan,-161.95,22.11,0.22,29.18,3508.23,62.08,1.83,-24.77,5585.38,-17.1,-1.43,-18.74,8653.33,-8.86,8.17,68.78,3750.28,56.44,-5.92,-67.54
138,2020,Minnesota,4636.99,-31.59,-0.52,34.06,5335.04,-5.29,-1.26,4.48,7111.0,13.74,-3.09,113.17,3029.62,-49.91,2.22,-16.94,11420.66,-46.68,1.67,-55.17
139,2016,Minnesota,7119.07,6.27,-4.43,-41.28,-2790.93,16.83,6.61,85.78,7064.9,68.53,1.2,2.38,4476.68,-2.38,-1.83,-1.97,-22439.8,31.41,-8.77,-67.16
140,2012,Minnesota,-339.53,8.12,1.12,-24.86,259.66,8.69,3.96,-7.71,8680.66,25.46,-4.3,0.76,13213.15,16.33,3.61,72.23,-28167.39,5.77,4.31,64.73
141,2008,Minnesota,2649.96,-0.63,1.72,18.65,3428.77,58.79,3.12,104.59,6593.69,-23.78,5.5,5.12,20195.43,-24.94,1.37,40.97,32783.23,9.82,2.71,2.34
142,2004,Minnesota,2837.89,13.31,-1.67,-16.31,-2695.39,-5.55,1.37,-29.81,4885.74,-5.55,-2.03,17.82,-274.72,19.98,2.75,2.77,37945.71,2.31,1.9,91.73
143,2000,Minnesota,-4166.52,3.95,0.15,-9.96,1438.23,13.06,0.21,-14.38,3213.31,11.06,-4.99,-17.5,9185.64,38.83,0.5,-8.97,98156.62,25.16,-9.2,-50.87
144,2020,Mississippi,11553.13,8.2,-2.26,-8.33,-1202.9,-55.52,-2.91,-97.04,10495.43,-16.89,-17.3,-77.54,27061.98,-58.78,-0.83,-121.75,-20257.3,-466.55,-3.22,-139.84
150,2020,Missouri,300.28,-14.57,0.18,13.88,4109.21,-216.2,-0.85,-171.21,1636.77,-56.54,-0.65,-3.14,7443.04,-26.76,-7.95,-75.77,86154.03,118.76,-0.68,37.33
151,2016,Missouri,7587.38,3.97,-0.73,-19.6,23.48,21.51,-2.44,-31.91,1943.9,-5.65,-3.91,-28.41,1918.19,-76.56,0.8,-16.01,1896.96,31.74,0.95,99.24
152,2012,Missouri,-18.55,-23.77,1.13,-16.28,774.97,13.96,4.65,40.27,9500.67,-3.12,-1.48,-8.96,7679.01,12.47,1.07,142.06,-13168.65,-103.55,-8.34,-130.28
153,2008,Missouri,1611.89,-15.39,-0.33,-1.48,1111.69,-6.19,-1.86,14.86,12331.75,21.88,5.89,39.17,12477.6,-35.45,-1.5,-3.82,111557.88,15.92,5.25,36.74
154,2004,Missouri,7959.04,-9.23,-3.73,-34.99,4894.68,-14.07,-2.35,-40.34,2674.94,7.73,-4.37,-51.08,1546.31,17.89,-5.34,12.12,18394.35,195.47,0.53,96.85
155,2000,Missouri,2319.04,7.53,-0.84,1.33,-1011.15,-10.24,0.76,31.5,3028.06,1.05,2.46,-34.94,13288.68,-45.62,1.71,-66.54,25458.39,33.63,0.59,-14.26
162,2020,Nebraska,-4598.84,-9.05,0.51,11.31,1234.47,-25.32,2.26,-17.24,1007.52,2.91,2.49,8.04,3090.51,-54.79,4.87,17.65,-37462.52,320.62,-3.98,18.62
163,2016,Nebraska,3518.68,30.63,-5.44,-1.75,974.53,-4.39,-3.33,-1.13,-2779.26,-40.24,-7.77,-95.91,-3330.62,31.0,8.78,37.39,2302.83,213.12,7.62,259.95
164,2012,Nebraska,5645.63,-18.92,1.91,-22.05,2556.29,-37.81,2.2,-5.7,5746.17,60.43,-0.68,39.56,11637.95,-22.38,-3.06,-40.89,157333.1,53.13,-5.4,114.47
165,2008,Nebraska,-2521.54,13.56,2.07,-14.8,7992.73,-14.44,-1.79,-20.05,6194.14,-22.9,0.49,-70.22,13064.47,28.64,-0.01,-63.82,128473.7,41.46,9.9,104.98
166,2004,Nebraska,2161.17,9.54,0.17,6.18,2913.58,-9.38,0.03,-6.65,740.27,-27.44,-1.26,-39.06,9591.49,9.67,-2.0,-55.3,40730.26,68.52,-4.43,81.66
167,2000,Nebraska,437.41,-0.95,-0.63,6.57,1430.71,26.56,-0.55,6.44,5094.04,-8.58,3.55,63.93,5712.62,-35.44,9.4,175.11,40709.55,163.47,12.47,113.09
168,2020,Nevada,-2637.88,37.21,7.39,180.19,9976.2,-9.4,4.5,35.52,12898.2,31.25,0.58,-45.27,-6044.49,22.58,3.94,-7.92,-2927.17,-134.68,1.93,-38.95
169,2016,Nevada,-3202.6,-38.96,0.57,7.27,2887.77,-12.49,13.45,-59.12,4952.61,41.95,5.62,-61.25,-3300.16,39.37,6.79,44.07,-69000.6,61.83,4.9,92.77
170,2012,Nevada,-3083.78,-31.06,-1.83,-29.83,2665.75,-0.01,2.71,29.05,-1002.16,43.92,-0.2,-47.97,13967.14,24.06,-3.91,-93.64,-4742.64,-105.32,3.76,-74.27
171,2008,Nevada,6913.14,-15.58,-2.22,-23.51,635.0,-11.12,-0.3,55.58,-785.97,84.92,2.25,34.05,6090.93,-8.88,7.24,21.58,86815.97,88.65,0.66,-14.09
172,2004,Nevada,6962.95,-42.5,-1.6,-27.04,2910.2,-60.64,0.59,-25.53,2974.08,17.6,-6.62,-85.54,9257.27,-28.46,-1.96,-74.48,,,,
173,2000,Nevada,-5041.71,-28.47,-2.94,6.79,2593.41,-27.34,-5.97,8.45,-3336.27,-20.91,-1.1,-114.46,22779.38,-115.18,-4.22,-20.51,-3089.34,-98.45,-30.92,-95.78
174,2020,New Hampshire,,,,,-7959.5,28.21,-5.05,-84.46,,,,,,,,,-83453.1,-64.7,-5.78,15.48
175,2016,New Hampshire,5293.3,-64.13,-4.68,-110.03,7096.08,-16.9,-0.73,-136.86,,,,,-5956.6,-67.53,1.38,-58.58,,,,
176,2012,New Hampshire,-6804.87,117.88,-0.74,44.82,-3421.67,88.04,-4.18,-136.74,-4940.5,-29.75,-4.68,66.64,5344.7,-173.63,-11.09,-113.67,-76588.64,186.51,-2.55,-103.18
177,2008,New Hampshire,9522.04,-37.89,3.11,-69.57,-4189.44,-1.65,-0.02,43.63,7899.6,32.93,-0.32,88.72,162.08,-29.44,-0.13,14.1,,,,
178,2004,New Hampshire,206.47,30.79,-13.49,-118.76,6903.95,-158.01,-13.51,-158.69,-12532.85,132.15,7.68,251.39,-4859.57,108.09,0.57,99.14,-163213.45,228.8,11.0,18.31
179,2000,New Hampshire,-6422.96,-3.3,2.8,120.42,,,,,7457.4,73.29,8.43,249.24,20075.0,126.38,12.75,106.53,,,,
180,2020,New Jersey,4489.79,-1.58,0.44,6.09,3139.84,-17.04,-1.69,-45.3,-4111.6,-14.82,8.81,58.87,1543.15,-9.08,-5.5,0.79,29298.22,6.59,0.59,131.33
181,2016,New Jersey,-509.64,-14.11,4.13,30.91,83.61,3.79,-0.33,-8.24,-1953.07,-1.92,-2.53,-28.71,-3328.47,1.05,3.0,-33.03,-5324.57,-15.06,-3.6,-7.91
182,2012,New Jersey,1278.29,4.9,1.73,-0.64,2978.21,-0.04,-0.56,43.41,3333.75,16.52,-2.03,-66.33,13478.71,11.23,-1.53,-33.43,-35336.93,49.11,3.5,26.08
183,2008,New Jersey,2750.72,8.62,-2.1,-27.99,3569.21,-9.69,-1.92,-73.64,8994.74,-36.71,-1.4,-13.9,13840.95,-6.61,1.36,-14.92,71726.39,-47.25,-5.15,-26.1
184,2004,New Jersey,5433.49,0.88,0.69,-18.18,1550.64,-29.55,-6.22,-29.42,6711.51,12.95,-0.29,-26.41,13612.06,-60.7,0.76,-41.59,-18712.88,-90.29,-3.03,39.04
185,2000,New Jersey,-150.17,22.92,-1.72,-15.71,1797.87,55.36,-1.06,-32.24,3571.97,46.0,-4.67,3.92,1917.96,-54.08,-5.12,17.14,48763.99,-20.53,1.14,45.15
186,2020,New York,1370.21,-36.46,-1.94,-17.91,3202.56,16.64,-1.97,0.99,823.3,-20.62,3.82,30.36,11206.78,-19.74,2.09,51.61,29355.01,-64.92,3.24,66.33
187,2016,New York,1732.13,-9.63,-0.81,-3.32,1393.37,-5.17,1.72,15.25,-2365.78,-0.97,-2.62,-10.65,7192.24,27.52,1.13,9.61,-8818.44,55.88,2.21,22.01
188,2012,New York,290.5,-0.6,-2.36,-24.08,1854.29,-9.16,-0.24,-2.91,4146.36,5.62,0.7,-30.34,13223.98,72.23,2.52,29.38,-13046.99,-115.68,-5.77,-48.45
189,2008,New York,929.75,-9.83,2.07,2.16,1133.83,-32.25,-1.83,-17.16,3562.49,9.6,2.26,19.89,8432.39,-10.05,-0.32,2.82,64942.27,100.88,0.07,18.04
190,2004,New York,5763.22,-8.83,-0.22,-24.68,3635.44,-1.43,-1.44,3.26,4534.71,-20.04,-2.91,-50.06,7468.34,-19.88,-3.5,-90.41,19208.65,369.04,-7.33,-36.71
191,2000,New York,669.83,-1.92,-0.48,-8.38,2554.45,-25.4,2.03,-0.48,2697.79,9.11,-0.72,5.29,10664.65,63.26,-3.53,-40.18,56472.76,-56.81,-1.73,40.91
192,2020,North Carolina,4537.24,-28.39,0.44,13.17,1880.09,-5.14,-0.34,-13.88,6969.2,-25.88,-1.76,-10.83,13374.12,-43.04,1.49,11.91,21884.05,-11.74,4.85,43.46
196,2004,North Carolina,6073.18,-6.94,-1.04,-35.45,2714.09,39.19,4.4,126.79,3745.68,-49.34,-5.01,-52.2,8612.42,23.42,5.21,37.2,-1607.41,37.73,-3.58,-139.07
197,2000,North Carolina,2137.31,-6.07,2.0,12.55,,,,,9752.0,-6.92,7.57,117.74,-7000.0,229.69,-23.46,97.5,,,,
198,2020,Ohio,5654.34,-21.55,0.5,64.76,4200.48,-16.69,-1.33,17.35,3025.85,-25.45,2.72,1.01,-3588.52,-1.85,-3.0,-7.31,27055.34,-73.5,-2.22,-27.35
199,2016,Ohio,-696.76,-2.39,0.23,-7.2,1610.67,-6.12,-3.28,-32.66,-1070.06,10.7,0.78,5.31,3963.43,16.85,-0.38,24.96,-4988.59,3.45,1.59,8.84
200,2012,Ohio,1853.2,-4.07,1.28,8.88,2460.42,8.55,-1.2,-6.27,5380.6,-9.41,0.79,31.24,15156.99,46.97,-0.91,-44.59,20346.97,-11.81,-10.45,-33.78
201,2008,Ohio,-1198.56,-6.82,-1.03,-16.16,6254.7,-2.16,0.4,17.63,7422.65,-13.39,-0.44,14.02,7517.38,-13.87,2.88,-24.88,-34766.27,-74.67,-4.42,-99.81
202,2004,Ohio,3884.29,-16.66,-0.8,-1.93,3475.8,-17.82,-1.43,-25.55,2646.6,7.87,2.07,40.64,3892.63,-17.93,-3.01,-12.11,-13928.18,-31.79,-0.92,13.62
203,2000,Ohio,-420.92,8.29,-0.64,-1.0,2046.99,18.66,-0.47,-62.26,2380.04,-5.17,-2.16,31.83,4899.31,99.92,5.48,14.45,62429.82,-37.86,-0.26,2.05
204,2020,Oklahoma,2337.84,1.61,-0.83,-41.69,4412.25,24.57,20.35,82.78,3796.57,23.31,2.8,-39.99,35405.96,-73.1,-0.68,56.92,-29745.5,-142.67,-1.05,-4.87
208,2004,Oklahoma,7743.08,-42.76,-5.79,-48.48,1991.93,9.51,7.24,-10.7,-874.77,10.22,-4.22,-52.45,29906.02,46.35,2.24,-26.92,36413.2,-17.45,2.55,-73.68
209,2000,Oklahoma,312.41,-4.25,-1.23,28.93,2418.28,62.95,8.31,74.8,4257.52,63.97,-5.56,-59.99,,,,,,,,
210,2020,Oregon,-1058.42,-27.69,-3.82,1.79,2514.04,16.68,-0.3,50.61,5599.91,26.42,-1.7,1.03,9868.04,-37.39,-0.1,49.67,-27058.6,-111.68,0.87,-10.85
211,2016,Oregon,2483.91,24.46,-1.81,-69.75,525.89,57.68,-0.92,-20.33,-275.27,3.59,5.52,78.88,-5303.86,-5.28,6.77,40.28,46410.1,29.03,-10.4,-6.22
212,2012,Oregon,195.29,1.13,-1.72,-33.99,2280.84,-21.21,2.6,-7.91,7650.72,25.94,5.99,66.63,25386.59,29.08,-2.43,35.76,-4528.67,-66.4,7.05,7.98
213,2008,Oregon,4554.91,3.7,0.54,-16.49,-1849.86,-54.27,-0.5,38.61,7266.59,-17.33,0.19,15.8,16431.26,2.3,-0.73,-77.59,87130.7,26.72,7.57,99.1
214,2004,Oregon,6233.32,3.53,-4.0,-19.27,3693.57,-4.53,5.69,103.22,4470.93,35.0,0.54,-1.79,6269.46,3.81,-1.09,61.51,42092.87,140.64,-0.99,80.45
215,2000,Oregon,-1949.38,-8.17,2.36,12.35,860.37,0.19,-3.08,-44.46,5282.5,-15.2,4.27,57.11,4437.44,-223.8,-4.45,-27.51,47578.96,121.34,-8.76,-146.74
216,2020,Pennsylvania,2510.61,-11.18,-0.2,-6.78,2596.76,48.05,1.76,-6.87,7031.78,-48.74,1.9,20.21,6869.64,-46.28,0.36,-45.03,2599.15,-44.56,2.97,48.82
217,2016,Pennsylvania,-1591.15,26.75,-0.17,-10.02,-2530.38,-6.42,-1.68,-2.36,5160.09,17.88,0.55,24.38,-171.14,19.4,0.79,34.26,17130.41,-63.78,-0.15,-18.68
218,2012,Pennsylvania,888.22,9.09,1.16,8.2,2169.5,-9.51,-0.42,-17.93,4628.97,-12.72,0.61,-6.13,9535.63,13.08,2.18,30.42,24197.55,1.64,1.12,-23.09
219,2008,Pennsylvania,257.15,0.39,0.59,2.78,2066.79,0.2,0.82,9.56,5334.09,21.24,-0.07,-4.05,12871.47,-2.46,-0.6,-7.71,13812.36,-40.9,-1.19,-41.43
220,2004,Pennsylvania,4527.0,-29.66,-1.01,-14.37,2610.81,-19.83,-0.4,-2.17,3365.55,-82.93,-1.03,-14.0,6964.81,-83.92,-1.31,-50.2,14987.19,98.44,1.99,30.14
221,2000,Pennsylvania,-687.84,-70.59,0.31,8.75,417.42,22.08,-0.48,12.25,-909.41,38.09,2.29,64.83,8192.61,-7.36,-0.88,7.12,34356.93,-6.98,-3.26,-51.12
228,2020,South Carolina,3076.16,10.63,0.34,14.66,6622.34,-25.44,-1.83,1.06,3252.97,17.91,-1.97,-44.62,32328.34,-37.61,-4.74,-15.09,-44527.64,-50.78,8.54,-129.54
229,2016,South Carolina,-2923.65,-2.84,-2.65,-9.65,-2989.58,-18.27,0.13,9.97,-1842.7,21.57,-6.93,-30.44,-4290.03,15.43,0.59,1.66,4452.51,32.37,-5.9,20.41
230,2012,South Carolina,405.57,-1.8,-1.73,-34.92,2170.04,-36.12,-0.16,-3.83,6289.11,-23.12,-0.06,5.05,9871.82,-43.47,1.59,13.63,-25154.29,13.06,6.68,32.49
231,2008,South Carolina,3706.03,6.85,3.22,20.54,2622.2,-13.7,1.54,16.55,6364.4,-10.03,4.58,13.86,9632.15,-23.98,2.13,8.52,26607.34,26.41,-0.13,48.82
232,2004,South Carolina,7320.98,-89.91,-0.54,-1.95,2396.22,-31.44,4.94,-3.33,3332.0,4.18,3.0,-28.74,14380.8,-63.73,-3.61,14.51,225157.58,-24.28,3.88,-18.86
233,2000,South Carolina,-1443.43,-8.2,-2.49,-6.93,-28.49,17.53,2.7,54.84,3832.78,7.98,-3.68,-50.04,24503.97,-2.2,-3.59,-38.35,,,,
240,2020,Tennessee,4584.38,-12.77,1.01,-13.54,2495.1,-10.29,1.3,32.41,18862.15,-11.86,-4.64,-110.33,4375.92,-12.68,0.61,26.9,23223.08,-57.45,6.11,33.83
241,2016,Tennessee,-3760.33,-1.86,-1.01,4.37,1765.94,24.23,0.24,53.21,1529.12,-24.94,2.48,-2.36,-11111.43,-7.3,-4.2,-62.48,11076.11,168.28,-1.93,-0.31
242,2012,Tennessee,-1650.01,-44.77,0.46,-16.0,5607.7,-6.65,-5.85,-54.71,9113.83,41.39,-7.61,-81.44,7053.74,-28.43,4.69,82.73,-36190.92,-94.9,6.37,53.3
243,2008,Tennessee,-2064.65,-9.08,2.31,-1.1,4049.82,-19.28,-0.22,-47.05,1369.77,-39.81,-1.3,27.34,7089.75,-7.09,-5.11,-17.63,105921.49,182.36,-3.25,56.78
244,2004,Tennessee,9739.77,16.92,-0.96,-11.13,-1522.49,-42.58,-12.34,-122.14,7560.35,-75.72,2.48,-72.12,2028.3,11.31,6.76,69.81,,,,
245,2000,Tennessee,-4302.6,33.46,2.57,29.23,161.0,2.69,3.9,-9.36,3471.5,17.2,-0.46,21.51,,,,,,,,
246,2020,Texas,-930.98,32.11,-0.47,-17.72,2945.02,1.72,0.28,23.56,4140.92,-12.05,2.7,28.02,6344.09,-20.24,-1.81,-14.67,-6488.69,-12.71,-1.71,-66.84
247,2016,Texas,184.8,1.32,0.02,-3.18,2389.44,-18.04,-3.02,-25.23,695.87,2.16,-1.06,-13.97,-920.1,1.8,-0.4,14.14,14782.33,80.31,0.02,-9.01
248,2012,Texas,3247.99,4.63,0.64,19.55,2255.67,2.22,0.65,19.97,7201.49,10.53,1.94,24.45,14363.24,-2.39,0.64,-2.52,11013.17,-38.23,-4.21,-2.56
249,2008,Texas,639.97,11.23,-0.09,6.59,2298.62,-1.35,0.82,-3.02,8424.2,10.9,0.34,29.48,12338.35,-1.2,0.13,-0.82,57151.98,-14.48,-0.23,-5.01
250,2004,Texas,4099.42,-18.28,-1.5,-37.53,2200.28,-54.08,-2.36,-7.41,3702.22,-38.66,-1.03,-20.53,8268.83,67.56,1.7,1.14,26418.58,-49.67,-1.93,-37.25
251,2000,Texas,73.56,-10.39,1.53,12.02,1987.18,11.15,0.7,18.64,3025.42,88.7,-0.74,6.27,9381.58,35.87,1.47,20.7,42345.16,26.58,-0.6,57.0
252,2020,Utah,-2553.4,8.07,-1.38,-39.79,2850.35,10.9,2.0,-8.18,-1220.92,2.8,-1.34,7.08,5190.74,-25.92,5.27,-5.22,-31330.83,-10.01,-3.47,7.48
253,2016,Utah,7064.72,13.56,-1.08,55.93,284.8,16.55,-1.81,-20.82,-2225.58,4.31,-5.61,-16.34,9340.3,74.84,-0.94,74.56,39545.27,243.78,18.12,216.36
254,2012,Utah,96.68,17.16,-2.85,-13.99,6838.0,-37.44,-3.85,-65.62,3934.04,44.27,0.08,15.68,14388.36,-19.24,2.02,-29.96,71643.84,-50.26,-8.15,-94.52
255,2008,Utah,5094.07,-3.65,1.25,48.19,3520.6,-29.88,-1.11,-9.89,4333.61,-11.52,2.91,61.79,8497.18,47.43,3.69,13.2,53341.87,-36.06,4.86,28.94
256,2004,Utah,1777.78,-16.51,3.31,-3.81,4972.93,29.81,-4.57,15.28,3640.79,4.23,-0.39,-26.21,10480.33,14.09,6.14,22.31,8807.81,-69.96,3.13,65.56
257,2000,Utah,947.59,-18.52,2.9,33.51,1269.01,-19.67,-3.56,2.05,-4562.11,-51.38,-5.87,-35.71,-2161.23,-95.5,-17.17,-278.32,87063.46,34.19,-0.75,2.04
258,2020,Virginia,487.35,-42.74,-0.83,23.48,3467.46,-13.84,-1.28,-5.58,10101.49,18.55,-0.04,-6.93,5319.18,31.67,-5.14,40.89,-13466.2,-51.09,-1.41,-52.45
259,2016,Virginia,-3159.85,2.08,-1.22,6.55,-6113.69,5.95,-0.53,6.3,5258.72,-24.95,-0.01,-14.96,3146.43,-12.42,1.13,19.75,-6021.5,95.98,3.69,60.8
260,2012,Virginia,1082.97,-3.94,0.6,6.19,4652.28,7.17,0.89,4.25,7581.85,-44.89,-4.04,-39.75,7460.94,26.24,2.75,10.98,4833.6,54.09,-0.64,29.47
261,2008,Virginia,2933.62,-13.79,-0.57,-29.02,1180.97,-33.75,0.8,-1.64,4527.58,-28.65,-2.33,-34.29,9800.49,-16.23,0.22,19.92,32953.56,-34.2,-1.49,-28.73
262,2004,Virginia,3060.51,-25.17,0.39,-3.78,2051.33,-7.96,-2.4,-2.87,7431.75,10.86,-0.81,23.83,10818.27,-52.9,-2.42,-21.13,-4557.02,7.5,1.29,2.37
263,2000,Virginia,5396.06,2.18,-2.57,-34.18,6163.4,260.51,0.97,14.84,6718.41,-4.74,3.52,61.74,9915.7,25.37,-0.95,-24.9,-25439.5,65.06,1.5,117.92
264,2020,Washington,4005.08,-44.96,-1.5,-1.64,2284.55,-77.66,0.64,-7.35,5956.52,-68.52,-1.97,-43.03,-1378.27,-79.53,-0.67,11.74,-65326.51,-49.65,1.06,-83.75
265,2016,Washington,0.08,-42.46,-2.36,-9.39,412.55,-11.7,-5.54,-36.21,-10211.36,15.03,-7.17,-77.96,10024.2,43.5,2.77,84.87,-22482.36,46.59,-1.11,2.36
266,2012,Washington,4795.54,6.12,-4.04,-10.27,4210.01,-12.75,6.94,66.62,1848.77,-29.88,1.96,61.11,6933.95,19.11,-1.05,37.43,-3664.87,-68.19,-2.31,55.15
267,2008,Washington,-977.87,-11.08,1.36,48.07,-89.88,-26.76,-3.54,-24.38,5462.68,8.41,-6.59,-8.76,13955.99,-15.85,4.06,34.3,39510.25,-12.13,5.81,16.76
268,2004,Washington,7010.28,17.17,-3.51,-32.33,1357.88,1.64,-0.02,31.86,-1027.42,-3.53,-8.92,-116.68,15082.75,29.39,3.48,105.6,-8112.77,39.65,-2.05,52.63
269,2000,Washington,-1089.08,27.15,2.99,47.78,569.19,23.16,3.58,71.9,7171.87,54.07,3.01,6.68,-2856.76,-62.83,-5.14,-60.42,-7747.96,32.73,-2.28,26.72
270,2020,Wisconsin,6671.04,-19.14,-2.03,-24.89,1486.06,10.02,-0.25,16.4,429.08,-27.81,6.55,27.75,1015.43,-3.13,-3.05,25.44,-11650.03,53.59,7.64,118.17
271,2016,Wisconsin,1970.39,5.37,-0.31,-10.68,249.01,20.41,2.98,29.73,8389.53,23.44,-0.69,14.21,4784.89,48.55,-3.27,-44.36,-22567.36,9.79,2.23,0.51
272,2012,Wisconsin,-508.49,24.76,-1.66,-11.01,3712.85,6.9,0.83,28.28,3465.43,-24.42,-0.73,-2.34,9794.08,-76.52,0.46,0.89,13476.54,-29.43,4.58,90.82
273,2008,Wisconsin,857.73,-28.29,-0.17,-22.19,3146.69,-30.26,-1.2,-41.64,7332.33,-47.59,-2.23,-65.26,7283.16,-23.48,3.65,28.69,28373.97,57.08,-7.04,-71.36
274,2004,Wisconsin,5375.59,-22.23,-1.82,-14.84,-1425.67,-1.69,-4.26,-55.61,8273.94,-25.94,-1.6,43.4,15909.58,-10.99,2.6,32.85,67741.63,-9.83,1.05,1.97
275,2000,Wisconsin,-508.85,16.16,0.71,10.46,1644.98,-1.23,-3.58,-42.54,2845.56,10.99,3.47,5.92,542.86,-16.11,-5.93,-84.94,-71363.07,-1.72,-0.56,39.25
